<?xml version="1.0" encoding="UTF-8"?>
<project xmlns:xsi="http://www.w3.org/2001/XMLSchema-instance" uuid="c5311b79-5634-4552-93a7-ce7100ff22db" xsi:noNamespaceSchemaLocation="http://www.jetbrains.com/teamcity/schemas/10.0/project-config.xsd">
  <name>&lt;Root project&gt;</name>
  <description>Contains all other projects</description>
  <parameters />
  <project-extensions>
    <extension id="PROJECT_EXT_1" type="ReportTab">
      <parameters>
        <param name="startPage" value="coverage.zip!index.html" />
        <param name="title" value="Code Coverage" />
        <param name="type" value="BuildReportTab" />
      </parameters>
    </extension>
    <extension id="PROJECT_EXT_2" type="OAuthProvider">
      <parameters>
        <param name="clientId" value="c01e94af5f3db07f77de" />
        <param name="defaultTokenScope" value="public_repo,repo,repo:status,write:repo_hook" />
        <param name="displayName" value="GitHub.com" />
        <param name="gitHubUrl" value="https://github.com/" />
        <param name="providerType" value="GitHub" />
        <param name="secure:clientSecret" value="zxxd84d3fb36bcf87d37866650a04381d353ac693736defe2907e7c8afa0340a3afc41497c55d104df8775d03cbe80d301b" />
      </parameters>
    </extension>
  </project-extensions>
  <cleanup>
    <options>
      <option name="preventDependenciesArtifactsFromCleanup" value="false" />
    </options>
  </cleanup>
</project>

