<?xml version="1.0" encoding="UTF-8"?>
<vcs-root xmlns:xsi="http://www.w3.org/2001/XMLSchema-instance" uuid="1bf96495-d8f9-48d5-ae29-c2b2385d90a9" type="jetbrains.git" xsi:noNamespaceSchemaLocation="http://www.jetbrains.com/teamcity/schemas/10.0/project-config.xsd">
  <name>https://github.com/smiron/KuberMegaApp#refs/heads/master</name>
  <param name="agentCleanFilesPolicy" value="ALL_UNTRACKED" />
  <param name="agentCleanPolicy" value="ON_BRANCH_CHANGE" />
  <param name="authMethod" value="PASSWORD" />
  <param name="branch" value="refs/heads/master" />
  <param name="ignoreKnownHosts" value="true" />
  <param name="secure:password" value="zxx8767ed24470a5d9825f139dce86ecf444327883364b770d058a6c13a7173ac9e2b092f9965150c08775d03cbe80d301b" />
  <param name="submoduleCheckout" value="CHECKOUT" />
  <param name="url" value="https://github.com/smiron/KuberMegaApp" />
  <param name="useAlternates" value="true" />
  <param name="username" value="smiron" />
  <param name="usernameStyle" value="USERID" />
</vcs-root>

